{
    "train": {
        "loss": 0.14990149438381195,
        "accuracy": 0.954469621181488,
        "precision": 0.9631453156471252,
        "recall": 0.9481136202812195
    },
    "eval": {
        "loss": 0.05663944035768509,
        "accuracy": 0.980900764465332,
        "precision": 0.9839633703231812,
        "recall": 0.9794754385948181
    },
    "step": 4
}