{
    "train": {
        "loss": 0.1383225917816162,
        "accuracy": 0.9574588537216187,
        "precision": 0.966000497341156,
        "recall": 0.9521097540855408
    },
    "eval": {
        "loss": 0.06632553786039352,
        "accuracy": 0.9774736166000366,
        "precision": 0.982178807258606,
        "recall": 0.9743370413780212
    },
    "step": 4
}