{
    "train": {
        "loss": 0.16159354150295258,
        "accuracy": 0.9504377841949463,
        "precision": 0.9632779955863953,
        "recall": 0.9403213262557983
    },
    "eval": {
        "loss": 0.04795863479375839,
        "accuracy": 0.9829081892967224,
        "precision": 0.9849027395248413,
        "recall": 0.9818877577781677
    },
    "step": 1
}