{
    "train": {
        "loss": 0.1758003979921341,
        "accuracy": 0.9473899602890015,
        "precision": 0.9571822881698608,
        "recall": 0.9397438764572144
    },
    "eval": {
        "loss": 0.08534262329339981,
        "accuracy": 0.9786202907562256,
        "precision": 0.9838709831237793,
        "recall": 0.9737741947174072
    },
    "step": 4
}