loss,accuracy,precision,recall,val_loss,val_accuracy,val_precision,val_recall
1.6630421876907349,0.5452123880386353,0.7758354544639587,0.4414406716823578,0.8686062097549438,0.7395408153533936,0.9244012236595154,0.6301020383834839
0.6143550872802734,0.8103091716766357,0.898435652256012,0.7535209059715271,0.2884288728237152,0.907397985458374,0.9505797624588013,0.878316342830658
0.3980172276496887,0.8740683794021606,0.9250820279121399,0.838731586933136,0.2169519066810608,0.9318877458572388,0.9655452966690063,0.9079081416130066
0.3184453547000885,0.8976451754570007,0.936678409576416,0.8723114728927612,0.18241406977176666,0.940816342830658,0.9583443403244019,0.9272959232330322
0.27664631605148315,0.9120122194290161,0.9408119320869446,0.8905041217803955,0.23029305040836334,0.9242346882820129,0.9513832926750183,0.9035714268684387
