{"val_accuracy": 0.7395408153533936, "val_loss": 0.8686062097549438, "val_precision": 0.9244012236595154, "val_recall": 0.6301020383834839}