{"val_accuracy": 0.8186224699020386, "val_loss": 0.5797745585441589, "val_precision": 0.9242706298828124, "val_recall": 0.7596938610076904}