{"val_accuracy": 0.8780612349510193, "val_loss": 0.4109061062335968, "val_precision": 0.958682656288147, "val_recall": 0.8168367147445679}