loss,accuracy,precision,recall,val_loss,val_accuracy,val_precision,val_recall
1.6288286447525024,0.5608829855918884,0.7806001305580139,0.4658958911895752,0.4109061062335968,0.8780612349510193,0.958682656288147,0.8168367147445679
0.6203305125236511,0.8072487115859985,0.8886067271232605,0.7536625862121582,0.3369735777378082,0.8920918107032776,0.9526093006134033,0.8614795804023743
0.45676758885383606,0.8595596551895142,0.9150295853614807,0.823627769947052,0.5815128684043884,0.8298469185829163,0.8937267065048218,0.795918345451355
0.3786619007587433,0.8815494775772095,0.9264131784439087,0.8540621995925903,0.22280895709991455,0.9293367266654968,0.9698960185050964,0.9040816426277161
0.32862037420272827,0.8949247598648071,0.9306894540786743,0.8725098371505737,0.17982949316501617,0.9438775777816772,0.9659574627876282,0.9265305995941162
